reviewId,userName,userImage,content,score,thumbsUpCount,reviewCreatedVersion,at,replyContent,repliedAt,appId
cad3aab0-c6ac-4cf0-9985-bb324a4c0e3f,T√¢nia Cristal,https://play-lh.googleusercontent.com/a/AATXAJzRJkCQh9uV_RRor4uaw94xUfe_m7pdfVFcoKfL=mo,"Gostava imenso da APP, mas desde que colocaram as taxas de servi√ßo, esque√ßam! Dificilmente volto a utilizar a n√£o que uma boa promo√ß√£o que compense!! Uma refei√ß√£o de 6,5‚Ç¨ fica no check-out por 9,30‚Ç¨ (1,30‚Ç¨ de taxa servi√ßo + 1,40‚Ç¨ taxa entrega + 0,10‚Ç¨ taxa saco). Voc√™s apregoam que fica mais barato para quem pede menos coisas, ou para restaurantes mais perto, mas este exemplo ver√≠dico em quest√£o √© um restaurante que fica a menos de 2km! Expliquem-me onde √© que 2,70‚Ç¨ em taxas √© mais barato..?",1,3,,2021-10-28 18:38:26,,,com.ubercab.eats
515ca3cf-5149-4ce3-93e0-542bc0969df0,putostreet10,https://play-lh.googleusercontent.com/a-/AOh14GgGTZ13J9pPtQtYD1bHJ-JCTEGXHgoaBjB1CvBj,"O exemplo perfeito de desleixo e falta de profissionalismo. Quando entraram no mercado e eram os √∫nicos no ramo, o servi√ßo prestado era sem d√∫vida de qualidade. Atualmente, est√° p√©ssimo, horr√≠vel, amador! C√≥digos promocionais de 8‚Ç¨ que n√£o s√£o aplicados, (quando no check out do total do pedido j√° √© apresentado o desconto e o pre√ßo final com o mesmo) e depois debitam sempre esses 8‚Ç¨ que dizem que v√£o descontar. Isso √© roubo, amigos. Menos um cliente. Vamos dar voz a quem realmente merece!",1,13,,2021-11-18 04:13:42,,,com.ubercab.eats
c162e08c-55a1-4daf-a724-eb22f6c1f699,Um usu√°rio do Google,https://play-lh.googleusercontent.com/EGemoI2NTXmTsBVtJqk8jxF9rh8ApRWfsIMQSt2uE4OcpQqbFu7f7NbTK05lx80nuSijCz7sc3a277R67g,"Boa tarde,a entrega √© boa por√©m achei horr√≠vel o fato de n√£o conseguir mudar o n√∫mero do cart√£o , ou seja se tenho outro cart√£o e quero utilizar n√£o posso ? Tem a op√ß√£o de excluir e editar mais o vosso aplicativo n√£o deixa mudar . Ent√£o revejam esta situa√ß√£o porque √© desagrad√°vel. Pois diz que n√£o √© poss√≠vel excluir a forma de pagamento, j√° que s√≥ tenho uma cadastrada.",1,0,1.230.10001,2019-12-14 17:05:42,,,com.ubercab.eats
c9601334-73b2-4221-9651-b9a3108b9faa,Kelly Kreva,https://play-lh.googleusercontent.com/a-/AOh14GgVUijGhgDqwTgoGy0kGMjG637xknarQnaA_uvHcdk,"Ele era muito bom, mas esse ano de 2022 n√£o √© o mesmo que era antes. Direciona para o app Uber de viagens locais, n√£o permanece no app Uber EATS. Demora para carregar e quando carrega aparece apenas mercados. N√£o tem mais restaurantes. Gostava muito do app. Mas vou desinstalar. (J√° havia desinstalado no in√≠cio do ano, mas agora decidi baixar para ver se j√° havia sido concertado e n√£o foi.) Lamento muito, mas voltarei desinstalar.",1,261,6.114.10002,2022-06-07 07:04:02,,,com.ubercab.eats
12d13088-54d7-4803-8b96-3f797ae364ff,Eduardo Miranda,https://play-lh.googleusercontent.com/a/AATXAJx2_1W_KZrp3s2kpTeqx7dAX97503uaqAnmMFqp_eQ=mo,"Era o melhor app de deliver! Com cupons, e restaurantes selecionados excelentes. Mas ap√≥s esta √∫ltima atualiza√ß√£o, com a mudan√ßa na interface, est√° sendo imposs√≠vel de usar o aplicativo! As op√ß√µes de restaurantes n√£o s√£o de f√°cil acesso, sem falar que aparece a mensagem relatando que deve ser feita a compra das comidas pelo app da UBER... N√ÉO FAZ SENTIDO! Infelizmente perderam mais um dentre os demais clientes por conta disto! Caso retorne ao normal, como era em 2021, volto a utiliza-lo.",1,1247,6.106.10002,2022-04-22 03:11:59,,,com.ubercab.eats
e3f6a15d-b797-4bfa-aa5d-a8233cfaa0a7,J√∫lia Macedo,https://play-lh.googleusercontent.com/a/AATXAJwuHqR9bAKUmGXmXLKCX9_yXiyGgv2QzPkVNeJY_ZY=mo,"Baixei o app ap√≥s um per√≠odo sem us√°-lo e fiquei surpresa, n√£o consegui ao menos entrar na tela principal. Quando abro, o app traz um ""an√∫ncio"" para usar o transporte da Uber, quando fecho essa tela ele me direciona a escolher um endere√ßo de entrega, at√© a√≠ tudo bem, o problema surge quando seleciono o endere√ßo e a tela fica carregando infinitamente. Gostava bastante do aplicativo, sempre preferi ele ao concorrente, por√©m agora serei obrigada a desinstala-lo e instalar o iFood.",1,873,6.111.10005,2022-05-10 23:47:53,,,com.ubercab.eats
4672539d-3a54-48da-9dcd-403b3b539f60,Joana X,https://play-lh.googleusercontent.com/a-/AOh14GjBtvinnjBA4Mc6_HgvZC_hUHZYpFB8W4V4nqLDQw,"Raramente os entregadores falam portugu√™s, comunica√ß√£o impossivel. C√≥digos de taxa de entrega gratuita? N√£o cobrem a taxa de servi√ßo que geralmente √© um valor absurdo,quando antes cobria tudo. Pre√ßos t√™m disparado em rela√ß√£o a outras aplica√ß√µes de entrega de comida. J√° foi uma aplica√ß√£o e op√ß√£o maravilhosa, agora √© s√≥ para alturas desesperadas porque √© impossivel pagar estes valores.",1,1,6.115.10000,2022-06-16 16:22:39,,,com.ubercab.eats
7d52f4f1-96eb-4f49-9ec1-263e293f3b3d,Lucimara Almeida,https://play-lh.googleusercontent.com/a/AATXAJznehi5hM79IHdZnbRbg7HBgVa_05DnT8F_cTpX=mo,"Era Muito pr√°tico e r√°pido. Por√©m me sinto enganada porque dizem que aceita Ticket alimenta√ß√£o, mas na hora de finalizar o pedido sempre fica como dinheiro e n√£o no vale. Ajuda para usu√°rios tbm √© inexistente. E em 2022 se tornou obsoleto j√° q direciona para o app uber de viagens, oq √© completamente esquisito. Desinstalando.",1,2,6.115.10000,2022-06-14 03:07:14,,,com.ubercab.eats
bbfa2da9-3d5d-46ef-886a-230478dc069d,Daniel Tenorio,https://play-lh.googleusercontent.com/a-/AOh14GjMpEBXA3mkc2cpqlh14vu82dnA0MTF3WNMFFzH6A,"No geral o app e bem funcional e seria uma ideia muito boa, por√©m tenho tido muitos problemas com a validade dos produtos, simplesmente voc√™ faz uma compra m√™s e recebe os produtos com validade de uma semana, n√£o exemplifica validade de nenhum produto no ato da compra. N√£o recomendo, o que foi desenvolvido para facilitar a vida na verdade s√≥ tr√°s estresse.",1,5,6.113.10004,2022-05-27 14:25:20,,,com.ubercab.eats
b5c3c330-1999-42c8-b0ba-e7a45c25a781,Gustavo Inform√°tica,https://play-lh.googleusercontent.com/a-/AOh14GgsRk7neZcoRgpXEIC5_uwP-cyU6vtX4OAplogwnA,"Dificuldade para ligar para o entregador ou entregador te ligar, dificuldade para cancelar o pedido, dificuldade para colocar o endere√ßo certo via gps ligado e/ou para colocar o endere√ßo manualmente.... pre√ßo dentro do aplicativo diferentes dos pre√ßos aplicados pelos estabelecimentos no local por fora do app, ou seja, no app os pre√ßo s√£o mais caros, tudo isso reflete na nota. Tome cuidado e preste muita aten√ß√£o na hora de usar....19/11/2019 e quase 3 anos depois cancelaram o servi√ßo ü§îüôàüëèüëèüëè",1,41,6.113.10004,2022-05-27 23:00:06,,,com.ubercab.eats
6397719e-ddcb-4d8f-84f1-98d6ffce7a57,Um usu√°rio do Google,https://play-lh.googleusercontent.com/EGemoI2NTXmTsBVtJqk8jxF9rh8ApRWfsIMQSt2uE4OcpQqbFu7f7NbTK05lx80nuSijCz7sc3a277R67g,"Para al√©m de dar sempre problema com os cart√µes de cr√©dito (nao aceita da MBWay), tem problemas em sincronizar contas no PC com contas no telem√≥vel, os motoristas raramente atendem o telem√≥vel (para al√©m de serem muitas vezes n√∫meros estrangeiros), o n√∫mero para ligar em caso de problemas √© um n√∫mero em que temos que pagar e por fim, n√£o tem a op√ß√£o de pagar no local de entrega por multibanco.",2,0,1.180.10002,2019-01-19 00:48:10,,,com.ubercab.eats
31911d37-fb9b-4d58-9d05-e469f672f6c5,Djalmyra Santos,https://play-lh.googleusercontent.com/a-/AOh14GjsJncmqqYAuAiJKu7O2EBIq9SueEHDKnU9vJvGwDw,"App problem√°tico, cheio de erros, n√£o fixa meu endere√ßo, mostra um endere√ßo errado, por mais que eu corrija, volta para o errado. Quando tento entrar pra escolher restaurante, da erro. Perda de tempo e desgaste. H√° muito tempo deixei de usa pra fazer pedido em restaurante pela dificuldade e instabilidade. Horr√≠vel, Ainda insisti s√≥ pra me aborrecer. Chega!",2,2,6.114.10002,2022-06-05 15:26:46,,,com.ubercab.eats
0ccd8d38-a40d-48a2-9b27-39d8646482f4,Ricardo Santos,https://play-lh.googleusercontent.com/a-/AOh14GjjsyP68et1aMoYLyZkaSlzDdnlHIy4vdb1Ril-fA,"Tem funcionado bem, no entanto, julgo que fazem muitas promo√ß√µes que depois n√£o s√£o aplic√°veis ou aos restaurantes que preferimos ou nos produtos preferidos. Menus deveriam ter uma apresenta√ß√£o mais t√°ctil com imagens, em vez de lista. Aplica√ß√£o lenta e com dificuldade em cumprir prazos estipulados assim como falha no contacto directo com os parceiros, n√£o tendo um m√©todo eficaz de resolu√ß√£o na hora de problemas relacionados com entregas",2,16,6.108.10001,2022-04-20 22:59:40,,,com.ubercab.eats
251fb6df-dec7-4595-be4f-a7d47ba498b0,Tayse de Moraes,https://play-lh.googleusercontent.com/a-/AOh14GigvIN0D5Z0FGU2xe-CJ6O9mpFMZR9z5EmOTc4new,"Era o melhor app de delivery, mas agora, n√£o sei por qual raz√£o ao certo, est√° p√©ssimo, n√£o aparece mais os restaurantes pra ser feito o pedido, agora encaminha pra o app da uber, pra quem quer fazer pedido de mercado, que n√£o √© o meu caso, pois quero fazer pedido de restaurante. Enfim, se por acaso voltar ao normal, volto a utilizar o app novamente.",2,2,6.109.10003,2022-05-01 22:08:04,,,com.ubercab.eats
fa06da9f-413d-44a7-b184-611e9ddc7597,Mariza Ortiz,https://play-lh.googleusercontent.com/a/AATXAJwVTT5_cdcwukXtIsXzaiySeQ1xALu4QACXzhUB=mo,"Sempre usei uber desde o in√≠cio, e minha nota sempre foi 10 p/ uber, meu endere√ßo era acess√≠vel continua o mesmo at√© hj. tudo na mais sta paz.Derrepente quando come√ßou a pandemia, n√£o sou mais cliente VIP, chamo Uber e n√£o vem no meu endere√ßo, quando saio de casa √© pego em outro endere√ßo, sempre rola stress com alguns motoristas pelo fato de que o meu endere√ßo √© o certo por√©m o GPS manda pra outro lugar. Hoje eu dou apenas 2 estrelas e acho que ainda √© muito pela forma que venho sendo tratada.",2,0,6.106.10002,2022-04-13 13:10:16,,,com.ubercab.eats
2487229e-6552-4174-b855-0fe496afaf0a,daniel bento,https://play-lh.googleusercontent.com/a-/AOh14GhNDRyxBTXOX2z1KzuQs4-PqJorMp5jVI-WWEiYOw,"√â vergonhoso ter restaurantes a 10 e a 15 minutos de carro de minha casa, e ter quase todos os restaurantes indispon√≠veis porque ""supostamente"" vivo muito longe dos estabelecimentos! Uma vergonha!",2,0,6.115.10000,2022-06-09 13:06:19,,,com.ubercab.eats
7a77e7ee-1741-4dea-9e7c-cb16a8dd8f2c,Victoria Arakaki,https://play-lh.googleusercontent.com/a-/AOh14Gh6wmqIUn_v-SUfmnCfZqoP05DG4omy8mV9jYtXwyo,"Aplicativo p√©ssimo, n√£o permite cancelamento pelo cliente e atrasa sempre, isso quando n√£o cancela faltando 15 minutos do hor√°rio previsto para receber o pedido. A interface n√£o √© pr√°tica, trava independente do celular ou conex√£o com a internet, apenas trava, ou seja, o aplicativo cobra taxa pra tudo e de todos para oferecer uma plataforma ineficaz, um SAC inexistente e n√£o √© nem de longe a plataforma mais eficaz em nenhum aspecto. N√£o vale a pena",2,446,6.96.10002,2022-01-28 00:35:51,,,com.ubercab.eats
20c67cfe-3b3e-4277-ba4f-700fb4e5f21d,Gabriel Teixeira,https://play-lh.googleusercontent.com/a-/AOh14GiKGVvN2-ePBwmUgpNp1qjrnED--G3o4SS8QDC7,app mercen√°rio demais. os pre√ßos do restaurante ja sao mais altos pra cobrir taxas e a uber coloca ainda mais taxas em cima com cupons bagaceiros. s√≥ uso quando quero pedir subway que √© a unica coisa que ainda vale a pena.,2,0,6.108.10001,2022-04-19 01:15:03,,,com.ubercab.eats
e97c6b0c-cc35-4187-85c3-76eea797391f,Marta Pestana,https://play-lh.googleusercontent.com/a-/AOh14GgmCOFg8XFN0uZW7yAg0oXGq2NK593zL6PvBpMR,"S√≥ acho lamentavel a pessoa fazer um pedido, retirarem o dinheiro e depois receber uma notifica√ß√£o a dizer que o pedido foi cancelado. A pala disto ja est√£o pendentes mais de 100‚Ç¨ na minha conta que demoram em media 1 semana para ser devolvido, mesmo que queira fazer outro pedido ou ir comer em algum lado nao posso porque tenho esse dinheiro pendente. Deveriam de se sertificar primeiro se o restaurante faz ou nao a encomenda e depois retirar o dinheiro ou n√£o consoante a resposta. Caramba!",2,0,6.106.10002,2022-04-08 12:30:47,,,com.ubercab.eats
5eb4f336-c77a-4ab0-9f8e-3fdd32021719,Carla Carvalho,https://play-lh.googleusercontent.com/a-/AOh14Gji0foe1rS84XOnJw3IG6fK_0U0wQbyaM67CuTY,N√£o consigo fazer um pedido. Eu gostava muito de usar o app mas de fevereiro pra c√° n√£o consigo mais pedir o app joga pra uber normal e n√£o consigo pedir comidas ou lanches. Infelizmente terei que desinstalar ü§∑üèæ‚Äç‚ôÄÔ∏è,2,1,6.106.10002,2022-04-08 15:13:04,,,com.ubercab.eats
200baca5-feb0-48fb-811d-4d7980115b29,Cristiana Rita,https://play-lh.googleusercontent.com/a/AATXAJzX0Qz_DAjVMQVwozm90nnWi3gWU_Aue_k6bg1V=mo,"A aplica√ß√£o √© boa, as pessoas das entregas s√£o super cuidadosas e simp√°ticas. Por√©m acho que devia haver mais cup√µes de desconto, para quem encomenda varias vezes do mesmo restaurante. A taxa de entrega esta cada vez mais caro. Podiam pensar pelo menos em um desconto por x vezes que se encomenda por exemplo. Assim o mais certo e deixa de usar a app, torna-se muito caro um simples lanchinho.",3,52,1.293.10001,2021-02-16 21:09:34,,,com.ubercab.eats
f7182862-01b9-45e5-af5c-729270b09ace,Um usu√°rio do Google,https://play-lh.googleusercontent.com/EGemoI2NTXmTsBVtJqk8jxF9rh8ApRWfsIMQSt2uE4OcpQqbFu7f7NbTK05lx80nuSijCz7sc3a277R67g,"A aplica√ß√£o √© muito boa, sim. Mas os pre√ßos de entrega de produto s√£o ridiculos. Se uma pessoa quiser pedir algo barato, quase que paga mais no pre√ßo de entrega que no produto em si. E sim, eu percebo que tenha de haver um lucro por parte da uber e por parte do distribuidor, mas os pre√ßos s√£o excessivamente altos, e n√£o √© assim que trazem o ""futuro"" para as grandes massas.",3,24,1.248.10001,2020-04-09 08:37:40,,,com.ubercab.eats
611de166-ca1b-4300-a2ef-7ce9ad9f0143,M√°rio Viegas,https://play-lh.googleusercontent.com/a-/AOh14Gi41W4767VafyCyCi_cZSGIjXARGAUZG1JqoW_0HQ,"Em 2 anos a aplica√ß√£o tem vindo a ficar pior, mais confusa e intrusiva. Desde a dificuldade de agendar um pedido para outro hor√°rio, bloqueios constantes no seguimento das encomendas: muitas vezes os estafetas est√£o a tocar √† campainha e aparecem como estando parados a meio do percurso. O sistema est√° a esconder cada vez mais a op√ß√£o de remo√ß√£o dos artigos comprados no carrinho. As constantes desprograma√ß√µes, da morada inserida, quando se entra na aplica√ß√£o. Bem como do Spam recebido.",3,176,6.109.10003,2022-04-29 21:17:39,,,com.ubercab.eats
316d4cd8-6f6d-4be0-b12c-c872907d0328,Rubina Quintal,https://play-lh.googleusercontent.com/a-/AOh14GgU8MdOj_sny5MC9wwI8NX8l-QWcK62ceCt69tN,"A app em si √© boa mas h√° muitos erros: Quando fa√ßo logout da minha conta para entrar na do meu namorado, por exemplo, a app simplesmente sai da conta dele automaticamente e volta ao ecr√£ inicial. Pra tentar entrar noutra conta tenho de desinstalar e voltar a instalar, sempre. Porqu√™ que para EXATAMENTE a mesma morada (mesmo apartamento) o envio varia de pre√ßo consoante a conta. Por exemplo, o mesmo s√≠tio para mim √© 0.70‚Ç¨ a taxa e para outra pessoa 3.70‚Ç¨ ou 4.20‚Ç¨.",3,13,6.111.10005,2022-05-16 20:51:31,,,com.ubercab.eats
6d5aee47-2469-4ff1-8119-adfe30582a31,Alex Siqueira,https://play-lh.googleusercontent.com/a-/AOh14GiNmLho9IJdj8KVB5bdRMsh_y4mxzyac4tY9szJ5R0,"Tela de carregamento infinita. J√° usei bastante o uber eats, achava muito bom. At√© que eu me mudei e n√£o entregavam na minha nova localiza√ß√£o. Comecei a usar outros apps de delivery. Depois de uns meses baixei novamente, mas agora nem sequer consigo entrar, a tela de carregamento de endere√ßo s√≥ carrega e carrega. N√£o √© uma reclama√ß√£o, √© uma despedida.",3,3,6.110.10002,2022-05-07 23:15:28,,,com.ubercab.eats
a1d8249d-318a-4455-83e7-f375f5ab3e28,Marcio Milagre,https://play-lh.googleusercontent.com/a-/AOh14GjhyxLHm8_BPRXY8vRHukbNd7dY_wETNORRMvxzrQ,"Sou cliente da APP mas para mim h√° uns pormenores que devem ser reparados! N√£o existe uma op√ß√£o, ou um email, para fazer uma reclama√ß√£o... Por exemplo hoje o pedido demorou praticamente quase uma hora, da hora mais tardia prevista de chegada! Se eu estivesse √† espera no restaurante tinha-me ido embora... J√° pra n√£o falar dos estafetas, nada contra, mas eu fa√ßo pedido na UberEats e vem um estafeta do Restaurante! Ou √†s vezes at√© de outras plataformas vem fazer entregas! ü§¶ü§∑",3,7,6.107.10001,2022-04-16 15:36:06,,,com.ubercab.eats
5a9a518c-85be-474c-9e19-90c72e573d72,Fernando Lopes,https://play-lh.googleusercontent.com/a-/AOh14Gi0vNNGoPWdCrYKy-i1m9H1KRNR-41vsBntmlh9,O Uber eats podia utilizar o GPS do smartphone para quando pedimos de lugares diferentes . Porque temos que sempre escrever um endere√ßo novo de lugares diferentes para quem nunca est√° no mesmo s√≠tio todos os dias,3,0,6.113.10004,2022-06-03 18:41:10,,,com.ubercab.eats
57ee9df2-57b3-4f27-9a08-17afa48f1809,Ketllen Antunes,https://play-lh.googleusercontent.com/a/AATXAJwKlfSx9_d6mCTCJj0H2vAvRYBk81860XSEHCsV=mo,"J√° que v√£o focar em supermercados, poderiam adicionar como forma de pagamento o cart√£o vale alimenta√ß√£o! O √∫nico motivo de eu n√£o comprar pelo app √© esse. O cart√£o vale alimenta√ß√£o √© espec√≠fico pra supermercados, pessoalmente, passa em todos os estabelecimentos listados na Uber. Mas com a op√ß√£o s√≥ de cart√£o de cr√©dito fica invi√°vel. O Bretas, por exemplo, d√° a op√ß√£o de pagar na entrega, o entregador traz a maquininha e a gente passa o vale.",3,126,6.102.10002,2022-03-09 01:00:44,"Hi Ketllen! We apologize for the inconvenience caused to you, we will fix this for you. Please fill in your details here: https://bit.ly/343HNsE and write to us at business-support@uber.com We shall get back to you at the earliest.",2022-03-09 10:28:55,com.ubercab.eats
c55a21f7-9e42-4419-a9f5-974a6ee42f53,Sara Lopes,https://play-lh.googleusercontent.com/a-/AOh14Ggq8GOqzq1h-_FL8bmRYI8czHHpRGB4AQub8JCbNA,"A aplica√ß√£o tem muitos problemas, muitos erros com pagamentos e etc. Poderia melhorar a aplica√ß√£o, j√° deixei de encomendar apenas porque a aplica√ß√£o n√£o me permitiu pedir.",3,0,6.108.10001,2022-04-24 16:38:58,,,com.ubercab.eats
b77751fe-6203-428e-9b32-4744880bc86e,Thaina Fernandes,https://play-lh.googleusercontent.com/a/AATXAJyG2gerxiAjbotp8zzs3o-EfWBIHn8n1c4vAaXW=mo,Mando vir quase todos os dias comida. Ate usufruia dos vouchers que me mandam por email mas √© imposs√≠vel pq sao sempre ileg√≠veis na app. Faz falta mais aten√ß√£o a quem usa tanto a app.,3,0,6.107.10001,2022-04-18 16:21:24,"Hi Thaina! We apologize for the inconvenience caused to you, we will fix this for you. Please fill in your details here: https://bit.ly/343HNsE and write to us at business-support@uber.com We shall get back to you at the earliest.",2022-04-22 12:46:56,com.ubercab.eats
b1f97c1a-1b73-4488-92be-cac0c6f5078f,Mariana Braga,https://play-lh.googleusercontent.com/a-/AOh14GifB_tp5TUDNY3TWFfAv_dCqvha-vMDrXMhORdCUA,"Numa altura de pandemia acho uma √≥tima op√ß√£o e segura! Parece-me ser uma aplica√ß√£o acreditada e de confian√ßa. Contudo considero algumas taxas excessivas, chega a tornar-se impeditivo de pedir mais vezes ou determinados restaurantes por causa disso. √â apelativa, mas de vez em quando tem quebras/falhas no sistema que n√£o me permite dar a gratifica√ß√£o aos estafetas.",4,28,1.290.10004,2021-02-01 15:01:15,,,com.ubercab.eats
9d72eac2-5ecc-4bf9-9f85-6c70deca5d12,Filipe Carvalho,https://play-lh.googleusercontent.com/a-/AOh14GgNgMk_zaZfImJsH_vaQLzjvVYS2gQHHlIj57Ia,"J√° tenho encomendado v√°rias vezes refei√ß√µes e muitas vezes corre bem. No entanto j√° numa ocasi√£o a encomenda foi cancelada sem explica√ß√£o adicional. Outras vezes os restaurantes de onde tinha encomendado n√£o est√£o dispon√≠veis, estando abertos. O motor de busca √© frustrante pois mostra tudo, se n√£o houver o prete dido (por exemplo ""mexicano"": mostra em primeiro lugar os 2 que existem para a zona, mas seguidamente todosnos outros restaurantes por ordem aleat√≥ria; se estes n√£o estiverem dispon√≠veis, mostra s√≥ restaurantes ao calhas). Hoje encomendei o jantar, cuja previs√£o de entrega foi sendo sucessivamente adiada perto da hora de entrega, acrescentanto dois ou tr√™s minutos de cada vez, at√© se passar bem mais de uma hora. N√£o h√° qualquer hip√≥tese de esclarecer a situa√ß√£o com ningu√©m, s√≥ respostas automatizadas e impessoais que n√£o resolvem a situa√ß√£o. Foi, muito provavelmente, a √∫ltima vez que encomendo com a Uber Eats",4,4,6.61.10003,2021-06-25 19:07:04,,,com.ubercab.eats
32fd6b01-5560-460a-815b-735bd5c0db3c,Vera Morais,https://play-lh.googleusercontent.com/a/AATXAJwrbx4qLVkUR0yFfC7rz6irXDWXkSuXlvpQkgyi=mo,"A APP est√° muito intuitiva e os servi√ßos por norma correm bem. S√≥ n√£o dou 5 estrelas, porque alno √∫nico pedido que n√£o me foi entregue a resolu√ß√£o do problema podia ser mais facilitada. Mas no fim acabei por ser reembolsada na hora seguinte, portanto n√£o houve problema. Ainda assim considero que o processo poderia ter sido mais √°gil por parte da app.",4,1,6.114.10002,2022-06-03 13:28:23,,,com.ubercab.eats
c9d32465-9197-42f4-bfa8-aad198b0969e,√ârica Val√©rio,https://play-lh.googleusercontent.com/a-/AOh14GhkdTIvAaLiSf_aCqWvsXbZdOGd7t1K0KOJHPtxeA,"Por vezes as comidas v√™m frias, ou como j√° me avonteceu v√°rias vezes, em que pe√ßo bebida de 1 restaurante mas l√° s√≥ aparece 1 sumo de op√ß√£o, ent√£o eu meto nas observa√ß√µes para me trazem por exemplo 1 ice tea em vez de coca cola e s√≥ 1 vez √© que leram as Observa√ß√µes e trouxeram certo, al√©m de que muitas vezes levam 1h a trazer 1 pedido. Tirando essas situa√ß√µes, as pessoas do atendimento s√£o sempre simp√°ticas e sei que a culpa √†s vezes √© dos restaurantes por isso que vou dar 4 estrelas",4,0,6.115.10000,2022-06-16 15:08:11,,,com.ubercab.eats
7b39dda4-97bc-42b7-9ee2-9f3781cbfb4d,Valter Castro,https://play-lh.googleusercontent.com/a-/AOh14GgXwOYxqiOGTNUk9TjuBEylwkkwL-JPodt-8Mi1lw,"Aplica√ß√£o funciona bem no geral, tem alguns erros quando se tenta alterar pedidos antes de finalizar ou quando se faz classifica√ß√µes ou altera gratifica√ß√µes. No geral funciona bem.",4,0,6.114.10002,2022-06-07 21:52:31,,,com.ubercab.eats
3fab4af0-3cc8-46b4-95e4-b396e63adff7,Elisabete Santos,https://play-lh.googleusercontent.com/a-/AOh14Ggsenl0PMZRgC9hc1KYjTnaaS2rvc4A9pLy1ucF,Tive um problema de uma entrega nao efetuada mas a equipe da Uber nem demorou muito tempo a devolver o dinheiro. Ultimamente n√£o t√™m cumprido os hor√°rios de entregas.,4,0,6.113.10004,2022-05-27 12:26:22,,,com.ubercab.eats
c688e453-9b6e-469d-9a9a-db3ebfa22086,T√¢nia Gomes,https://play-lh.googleusercontent.com/a-/AOh14GjW6VsLFPM-Q7A-2RzpixUnq45Ty9RMeDhou2kcgA,"Utilizadora frequente considero a app √≥tima para quem trabalha fora de horas, apenas dou nota que podiam acrescentar como modo de pagamento ""a dinheiro"".",4,0,6.113.10004,2022-05-29 19:35:11,,,com.ubercab.eats
d93d92bb-2d8f-4019-a566-5af18a43cd97,Dj Tilulu,https://play-lh.googleusercontent.com/a/AATXAJyXCcoY3SzRuYkeZI9C9idBQSMR08CoHau-Okl5=mo,"Muitas taxas de servi√ßo. As promocoes fingem ser boas, mas que no final com as ficam praticamente o mesmo pre√ßo original do produto. D√£o com uma m√£o e tiram com a outra.",4,0,6.112.10003,2022-05-22 14:29:07,,,com.ubercab.eats
b40e02cf-06be-4f39-9dc7-b9bb339ca780,Lz Santos,https://play-lh.googleusercontent.com/a-/AOh14GigAgaatFEaAdM6_w7romR9IFDN64VyRkpGKxN_,Sempre sem problemas. S√≥ n√£o leva 5 estrelas p dificuldade em usar cart√µes de refei√ß√£o. Prefiro acompanhar entrega c mapa a indicar onde se encontra o estafeta pois a minha morada n√£o √© f√°cil e caso se enganem vejo logo e envio mensagem c indica√ß√£o.,4,1,6.110.10001,2022-05-08 21:50:20,,,com.ubercab.eats
cd5869a3-15ab-41a7-9977-a892f53c81ef,Ana Nascimento,https://play-lh.googleusercontent.com/a/AATXAJy0R2Sgt_k44Xj4roZcC0CVlXfx_BUx5bZWet04=mo,Boa app. Funciona lindamente quer em casa quer no local de trabalho. O √∫nico ponto negativo s√£o as entregas dos estabelecimentos que n√£o utilizam o transporte da uber,4,0,6.109.10003,2022-04-27 20:07:32,,,com.ubercab.eats
64cb1422-818a-4df1-ac90-cffb327cb74b,Laura Neves,https://play-lh.googleusercontent.com/a-/AOh14GhxQgpgKOptlv8Y2NO2c-4mBoIu7gTygZd9ujZI1S8,"O app em si √© bem intuitivo, bem f√°cil de usar. A praticidade de ter boas op√ß√µes de comida com entrega planejada e um bom pre√ßo tamb√©m √© √≥tima. Super recomendo.",5,0,6.113.10004,2022-05-27 22:49:10,,,com.ubercab.eats
969891a5-d0af-4bae-bf07-fa40776ca57d,Robson Chan,https://play-lh.googleusercontent.com/a-/AOh14Gibk2CUVlGJ21nmnbw6mIl_XGe9OXVU72xIndxRlmU,"Estou acostumado a usar o app muito. Inconvenientes acontecem mas o suporte consegue ser eficiente e preciso. Porem, agora n√£o da pra pedir mais nada pelo uber eaats, ele fica mandadno pro uber normal por causa da nova funcionalidade mas √© super diselegante. Simplesmente n√£o consigo pedir comida num app de comida.",5,5,6.106.10002,2022-04-07 15:09:40,,,com.ubercab.eats
3adef0b2-ce07-44a6-b18f-82632202279b,Malu Netto,https://play-lh.googleusercontent.com/a-/AOh14Gi7v89J3xRbo_ZFxnnQC64yDx-qHGvtPqW0aIynmw,"Excelente o acompanhamento dos perdidos! Boas experi√™ncias com os restaurantes at√© o m√™s passado. Agora n√£o consigo mais usar, fica travado na indica√ß√£o para usar o Cornershop e n√£o h√° como sair dali. At√© tentei desinstalar e reinstalar e est√° igual. Lament√°vel...",5,7,6.106.10002,2022-04-05 21:43:57,,,com.ubercab.eats
e0e24e08-eaf9-4b2f-9fad-898df5550f05,Cristina Alexandra Vasconcelos,https://play-lh.googleusercontent.com/a-/AOh14GgTckTYDjz6yqnOKMR0RZz0xRCLbyp8fKLz_QA4QA,De longe a melhor aplica√ß√£o para pedir comida! Sempre pontuais e r√°pidos!! A aplica√ß√£o tamb√©m t√™m sempre promo√ß√µes para os clientes. 5 estrelas!!,5,0,6.116.10002,2022-06-13 19:17:56,,,com.ubercab.eats
3044ca28-f3df-4725-bc85-007efcd0fa82,UK Paradise,https://play-lh.googleusercontent.com/a-/AOh14GhvEzQUHU2oB8tStzVQes6pW4l8EoeLcMHl4k1GUA,"Uso toda semana, h√° mais de 2 anos, nunca tive problemas. Entregadores totalmente profissionais e eficientes na entrega. Gostaria de receber cupons de desconto para Fast food. :/ Nunca recebi.",5,0,6.111.10005,2022-05-13 19:46:44,,,com.ubercab.eats
512efafe-7600-4f98-859d-d2901d8259d2,Nicha Santos,https://play-lh.googleusercontent.com/a-/AOh14Gi_Ey1762XZ2pMPTCU92YkmZh06AXk0ZgH3ulA8,"O servi√ßo √© bom, raras excep√ß√µes em que a entrega demorou e a comida chegou fria, mas acontece. De resto a experi√™ncia √© boa por isso continuo a utilizar",5,0,6.109.10003,2022-04-30 13:37:10,,,com.ubercab.eats
dda6881e-6afd-4986-bbf4-0a6b46044d45,Jeferson Lima,https://play-lh.googleusercontent.com/a-/AOh14GjVjcwjf1hSfWb6pDOkwaVvtXiTnjdMihxqaLYu2g,"Aplicativo muito f√°cil de utilizar com taxas interessantes e com integra√ß√µes com outros apps da Uber (a exemplo da Cornershop de entrega de mercados) o que √© muito bom j√° que facilita a navega√ß√£o entre os apps. Uma pena que em breve vai perder a fun√ß√£o de entrega de restaurantes :/ por√©m por continuar tendo a fun√ß√£o mercado e agora possibilitar a entrega de itens ""n√£o comest√≠veis"" (papelaria, farm√°cia, etc...), a experi√™ncia ainda √© muito boa.",5,326,6.99.10002,2022-02-18 23:18:50,,,com.ubercab.eats
714ad447-58d8-4a2b-9ad0-7569502c7b26,Nicolas Ferreira,https://play-lh.googleusercontent.com/a-/AOh14GjvGCbMqWRh_owuEOS9XShMB8rSMQNmIqbbOV-cvg,"Para aqueles que est√£o com problemas em acesar o app do UberEats saibam que, UberEats encerrou os servi√ßos do Brasil dia 07 de Janeiro de 2022, sim, at√© eu nem sabia, pensei o mesmo de voc√™s, que o app estava com problemas no app, mas n√£o, realmente o UberEats fechou os servi√ßos no Brasil. Foi bom usar o UberEats por alguns anos.",5,1230,6.102.10002,2022-05-29 22:20:48,,,com.ubercab.eats
05732fcc-d483-4d4d-ae06-e685d290526a,sandra silva,https://play-lh.googleusercontent.com/a-/AOh14Gi12UZV6UvwG94qBaNzKl8cVuC2sJC-pDatukDm9A,Muitas op√ß√µes diversificadas!!! F√°cil de fazer os pedidos e s√£o recebidos a tempo e em condi√ß√µes. Uso bastante!!!,5,1,6.106.10002,2022-04-11 13:55:04,,,com.ubercab.eats
89b58b58-a924-4ac7-9f01-addf138e6464,Rodrigo Silvano,https://play-lh.googleusercontent.com/a-/AOh14GizNoSLtGOnOJLWb3ggGJ5oAai7vF5Qd_LVQhaR,App bastante f√°cil a n√≠vel de navega√ß√£o. Sempre prontos para ajudar o cliente quando algo corre menos bem.,5,1,6.107.10001,2022-04-17 22:40:09,,,com.ubercab.eats
